<?xml version="1.0" encoding="UTF-8"?>
<project-private xmlns="http://www.netbeans.org/ns/project-private/1">
    <editor-bookmarks xmlns="http://www.netbeans.org/ns/editor-bookmarks/2" lastBookmarkId="0"/>
    <open-files xmlns="http://www.netbeans.org/ns/projectui-open-files/2">
        <group>
            <file>file:/C:/Users/Jose%20Alejandro/Documents/GitHub/codigo%20de%20tareas/Herencia/src/herencia/Herencia.java</file>
            <file>file:/C:/Users/Jose%20Alejandro/Documents/GitHub/codigo%20de%20tareas/Herencia/src/Clases/Clase_padre_Formas.java</file>
        </group>
    </open-files>
</project-private>
